{
    "graphName": "PoiyomiSample",
    "graphIsActive": true,
    "nodes": [
        {
            "id": "eed2ec18-81af-4599-bbf5-f3f59e4aeedb",
            "values": [
                {
                    "key": "color_r",
                    "value": "1"
                },
                {
                    "key": "color_g",
                    "value": "1"
                },
                {
                    "key": "color_b",
                    "value": "1"
                }
            ],
            "posX": -835.9998779296875,
            "posY": 119.33331298828125,
            "path": "Nodes/ColorToDecimalNode",
            "inputSocketIds": [],
            "outputSocketIds": [],
            "headerColor": 6,
            "inputValueSocketIds": [
                "6daac273-773a-4a58-a814-7de70f7aedff638523339425146646"
            ],
            "outputValueSocketIds": [
                "e63741e8-70f2-4230-b989-992ef6fd798d638523339425146646",
                "f179265a-5d2d-4e1c-95f9-5c4c6a8c14c0638523339425146646",
                "e9ff3b02-6329-49d8-a44f-d8aa9831cf56638523339425146646",
                "1de3c97b-af5d-44ca-9116-594309b4cf61638523339425146646",
                "fa6a66cf-da54-46bb-9b94-bb2788f266e2638523339425146646",
                "93dbffa4-08e3-4e54-abe4-8b731f53bfc4638523339425146646"
            ]
        },
        {
            "id": "31f906f4-5071-489f-ab6c-e10afbffaf6a",
            "values": [
                {
                    "key": "triggerName",
                    "value": "_xjp_setfloat;;<dechue>;;[_dh]"
                },
                {
                    "key": "callTime",
                    "value": "0"
                }
            ],
            "posX": -337.6666259765625,
            "posY": 820.3334350585938,
            "path": "Nodes/CallTriggerNode",
            "inputSocketIds": [
                "949da225-83d9-4a4b-9efc-687a7bfb24a7638523343656799956"
            ],
            "outputSocketIds": [],
            "headerColor": 2,
            "inputValueSocketIds": [
                "baf3784e-9bcd-41ac-9263-f1e6427001be638523343656799956"
            ],
            "outputValueSocketIds": []
        },
        {
            "id": "e713ac03-44f8-45b2-8af3-2816d8f62111",
            "values": [],
            "posX": -664.3334350585938,
            "posY": 1099.6666259765625,
            "path": "Nodes/Ordered5Node",
            "inputSocketIds": [
                "f4d52f7c-6532-4a96-849f-fb1df6e925f5638523343945302947"
            ],
            "outputSocketIds": [
                "e8bc8808-53b7-4f5e-8e80-c6caa7521d64638523343945302947",
                "af2fff1f-8db9-48ac-a132-620b07b75016638523343945302947",
                "57894d46-14e8-4ec7-9b30-21fa06372f67638523343945302947",
                "f00dffa5-09f1-4ae7-adcd-11c7e61cba17638523343945302947",
                "8709f956-9513-4fdc-8327-7511375e390e638523343945302947"
            ],
            "headerColor": 2,
            "inputValueSocketIds": [],
            "outputValueSocketIds": []
        },
        {
            "id": "c25c2cd4-37b8-46a0-b657-cd6502ba8dd6",
            "values": [
                {
                    "key": "paramName",
                    "value": "_dh"
                },
                {
                    "key": "value",
                    "value": ""
                }
            ],
            "posX": -349.9999694824219,
            "posY": 1137.333251953125,
            "path": "Nodes/SetParamNode",
            "inputSocketIds": [
                "0d190cb4-3741-487f-b25d-ef44c1f55bf6638523344157115505"
            ],
            "outputSocketIds": [],
            "headerColor": 2,
            "inputValueSocketIds": [
                "1cec4884-cae6-4dee-9d41-b51c066c623e638523344157115505",
                "2e46ce4b-4e56-4e78-9862-c81e8c397db3638523344157115505"
            ],
            "outputValueSocketIds": []
        },
        {
            "id": "c7013eb3-bdd7-407c-bdbf-5f046b4975f2",
            "values": [
                {
                    "key": "paramName",
                    "value": "dechue"
                },
                {
                    "key": "value",
                    "value": "_DecalHueShift_N00_003_01_Tops_01_CLOTH"
                }
            ],
            "posX": -344.0,
            "posY": 980.9999389648438,
            "path": "Nodes/SetTextParamNode",
            "inputSocketIds": [
                "45d46a39-f931-47da-8357-c189d3a54b1c638523344381705986"
            ],
            "outputSocketIds": [],
            "headerColor": 2,
            "inputValueSocketIds": [
                "41225188-04c8-4246-8598-1202af120c67638523344381705986",
                "6e13e80b-e7e6-4fc5-9023-115d62453ed2638523344381705986"
            ],
            "outputValueSocketIds": []
        },
        {
            "id": "6ffe0170-0a33-459a-a159-825e8833fb06",
            "values": [
                {
                    "key": "triggerName",
                    "value": "DemoShaderFloat"
                }
            ],
            "posX": -856.0,
            "posY": 1129.0,
            "path": "Nodes/TriggerNode",
            "inputSocketIds": [],
            "outputSocketIds": [
                "0906105e-c14b-4f63-af4b-19a12fc1404d638523344695086009"
            ],
            "headerColor": 4,
            "inputValueSocketIds": [],
            "outputValueSocketIds": []
        },
        {
            "id": "1a134ef4-9e26-4213-a6ce-dfdb1005491d",
            "values": [
                {
                    "key": "triggerName",
                    "value": "DemoShaderColorHex"
                }
            ],
            "posX": 135.6666717529297,
            "posY": 1077.333251953125,
            "path": "Nodes/TriggerNode",
            "inputSocketIds": [],
            "outputSocketIds": [
                "111eb704-78e3-481b-800d-9f1faeefdff8638523344945459434"
            ],
            "headerColor": 4,
            "inputValueSocketIds": [],
            "outputValueSocketIds": []
        },
        {
            "id": "7782871f-f984-4828-99dc-249db3c9212d",
            "values": [],
            "posX": 385.66668701171877,
            "posY": 1033.0,
            "path": "Nodes/Ordered5Node",
            "inputSocketIds": [
                "a509feaa-d9f2-4489-ba8c-e8750e3029fe638523344988691748"
            ],
            "outputSocketIds": [
                "29759881-bcd2-4509-95c8-b122e59a8baa638523344988691748",
                "0d3ced6d-056f-489c-a0aa-8f3ac7a971ce638523344988691748",
                "89a57bc6-8294-474d-8940-ce2070633089638523344988691748",
                "4adc66e0-7d9c-490b-b39b-c06fa5532d4f638523344988691748",
                "5bb06ecc-b889-4a0a-9304-775d362f4b0c638523344988692264"
            ],
            "headerColor": 1,
            "inputValueSocketIds": [],
            "outputValueSocketIds": []
        },
        {
            "id": "496435ca-8bf0-4f8d-b292-c770d47056b0",
            "values": [
                {
                    "key": "text",
                    "value": "0.5"
                }
            ],
            "posX": -772.9959106445313,
            "posY": 1328.6680908203125,
            "path": "Nodes/TextToDecimalNode",
            "inputSocketIds": [],
            "outputSocketIds": [],
            "headerColor": 6,
            "inputValueSocketIds": [
                "fa50fe78-97f4-44c4-b651-1388a56d02c3638523346339814706"
            ],
            "outputValueSocketIds": [
                "b1409a19-8e8f-46e5-9dbc-eee7a76850a2638523346339814706"
            ]
        },
        {
            "id": "b328fd57-5cec-447c-bd21-64a9faca4c5e",
            "values": [
                {
                    "key": "paramName",
                    "value": "col"
                },
                {
                    "key": "value",
                    "value": "_Color_N00_003_01_Tops_01_CLOTH"
                }
            ],
            "posX": 704.3331909179688,
            "posY": 1019.3331909179688,
            "path": "Nodes/SetTextParamNode",
            "inputSocketIds": [
                "38f5fa3f-32f8-45ee-bc54-30d353cb3108638523347251533497"
            ],
            "outputSocketIds": [],
            "headerColor": 1,
            "inputValueSocketIds": [
                "ea2f1fb5-5044-4ac6-9182-6a6f16af7e47638523347251533497",
                "f298ab61-6cee-4496-b593-1f9da6208ecd638523347251533497"
            ],
            "outputValueSocketIds": []
        },
        {
            "id": "08906478-bdd0-432b-a441-46da1c3a748f",
            "values": [
                {
                    "key": "paramName",
                    "value": "_cv"
                },
                {
                    "key": "value",
                    "value": "#ffbbff"
                }
            ],
            "posX": 700.9998779296875,
            "posY": 1194.333251953125,
            "path": "Nodes/SetTextParamNode",
            "inputSocketIds": [
                "195a94ef-0a24-415d-9dc2-5b242ca64c25638523347642269002"
            ],
            "outputSocketIds": [],
            "headerColor": 1,
            "inputValueSocketIds": [
                "5f28c8cd-1376-42fe-b8aa-c19ccb66e9a5638523347642269002",
                "1820d3ec-6808-45d0-b180-82cec9a96dbc638523347642269002"
            ],
            "outputValueSocketIds": []
        },
        {
            "id": "0d5b7c1c-41d6-4f27-b166-acf044d29cbf",
            "values": [
                {
                    "key": "triggerName",
                    "value": "_xjp_setcolorhex;;<col>;;<_cv>"
                },
                {
                    "key": "callTime",
                    "value": "0"
                }
            ],
            "posX": 719.0000610351563,
            "posY": 848.666748046875,
            "path": "Nodes/CallTriggerNode",
            "inputSocketIds": [
                "0c213a42-a274-494b-8812-c5986d948c8f638523349841368766"
            ],
            "outputSocketIds": [],
            "headerColor": 1,
            "inputValueSocketIds": [
                "fd8fdb14-850d-4817-9360-28cdabd08ea1638523349841368766"
            ],
            "outputValueSocketIds": []
        },
        {
            "id": "80616825-caf2-42df-9c15-292cc83afecb",
            "values": [
                {
                    "key": "message",
                    "value": "SET SHADER COLOUR\n\nWe can set a Colour-type value for a shader by providing the name of the property, and 4 float values for the RGBA values of the desired colour\n\nThis example illustrates how Text Replace nodex can make for a much cleaner graph.  A more simplistic example is also included to show how compact this approach can be!\n\nExample Trigger:\n_xjp_setcolor;;<colorProp>;;[r],[g],[b],[a]\n\n"
                }
            ],
            "posX": -1184.4981689453125,
            "posY": 88.17138671875,
            "path": "Nodes/MessageBoxNode",
            "inputSocketIds": [],
            "outputSocketIds": [],
            "headerColor": 3,
            "inputValueSocketIds": [],
            "outputValueSocketIds": []
        },
        {
            "id": "0e98049f-87ba-4755-9569-c39c61beb307",
            "values": [
                {
                    "key": "message",
                    "value": "SET SHADER FLOAT VALUE\n\nWe can set a float-type value by providing the name of the property as well as the desired float value\n\nThis example also illustrates how using text and float parameters can make more concise and dynamic graphs\n\nExample Trigger:\n_xjp_setfloat;;<dechue>;;[_dh]"
                }
            ],
            "posX": -1202.8314208984375,
            "posY": 1154.838134765625,
            "path": "Nodes/MessageBoxNode",
            "inputSocketIds": [],
            "outputSocketIds": [],
            "headerColor": 2,
            "inputValueSocketIds": [],
            "outputValueSocketIds": []
        },
        {
            "id": "dd6e5f58-4877-46dd-9316-52053c95247b",
            "values": [
                {
                    "key": "message",
                    "value": "SET SHADER COLOUR BY HEX\n\nWE can also set a colour-type value by providing the name of the property as well as the 6- or 8-digit hex code for the colour\n\nExample Trigger:\n_xjp_setcolorhex;;<col>;;<_cv>"
                }
            ],
            "posX": 233.83511352539063,
            "posY": 1324.8380126953125,
            "path": "Nodes/MessageBoxNode",
            "inputSocketIds": [],
            "outputSocketIds": [],
            "headerColor": 1,
            "inputValueSocketIds": [],
            "outputValueSocketIds": []
        },
        {
            "id": "ab2da5b1-ce94-48c6-b9ab-546a2e3b3e55",
            "values": [
                {
                    "key": "message",
                    "value": "POIYOMI SHADER TRIGGERS\n\nUsing the included plugin, we can cantrol animatable properties in Poiyomi shaders on the currently-active Avatar.\n\nTriggers take a format like this:\n_xjp_triggertype;;propertyname;;arguments\n\nWhen a trigger is fired it will try to set the named value for all Poiyomi-driven materials on the avatar, so be sure to use renamed shader properties if you want to control them individually"
                }
            ],
            "posX": 138.66766357421876,
            "posY": 661.3367919921875,
            "path": "Nodes/MessageBoxNode",
            "inputSocketIds": [],
            "outputSocketIds": [],
            "headerColor": 5,
            "inputValueSocketIds": [],
            "outputValueSocketIds": []
        },
        {
            "id": "5efdd0aa-bed5-4be3-ae9b-1982e3960b36",
            "values": [
                {
                    "key": "text",
                    "value": "_xjp_settexoffset"
                },
                {
                    "key": "text2",
                    "value": ";;"
                }
            ],
            "posX": -698.9995727539063,
            "posY": -298.6657409667969,
            "path": "Nodes/TextConcatNode",
            "inputSocketIds": [],
            "outputSocketIds": [],
            "headerColor": 0,
            "inputValueSocketIds": [
                "68525788-7804-4464-bdb7-4c699b52fa3c638526889954412611",
                "e931b20d-1375-4d5a-bc02-c1fdf9bb88b9638526889954412611"
            ],
            "outputValueSocketIds": [
                "1cad32fb-51ff-458b-830c-f8a12c0218b5638526889954412611"
            ]
        },
        {
            "id": "36e73984-2698-4f3b-935e-92ec39766e5b",
            "values": [
                {
                    "key": "text",
                    "value": ""
                },
                {
                    "key": "text2",
                    "value": "_MainTex_N00_003_01_Tops_01_CLOTH"
                }
            ],
            "posX": -583.9995727539063,
            "posY": -494.6657409667969,
            "path": "Nodes/TextConcatNode",
            "inputSocketIds": [],
            "outputSocketIds": [],
            "headerColor": 6,
            "inputValueSocketIds": [
                "dbe63948-6a77-40ba-96d4-decd9c14887a638526890806841917",
                "caa6538f-6a0e-427b-83e9-8553f2b888bc638526890806841917"
            ],
            "outputValueSocketIds": [
                "a992b5ea-5309-4b40-af2b-fb537162fe05638526890806841917"
            ]
        },
        {
            "id": "5dd15e72-57b5-4524-9347-4bffc5eca7d0",
            "values": [
                {
                    "key": "text",
                    "value": ""
                },
                {
                    "key": "text2",
                    "value": ";;"
                }
            ],
            "posX": -489.99957275390627,
            "posY": -300.6657409667969,
            "path": "Nodes/TextConcatNode",
            "inputSocketIds": [],
            "outputSocketIds": [],
            "headerColor": 0,
            "inputValueSocketIds": [
                "fdb38e4c-22b6-41ac-96cd-22ef5f05ed9e638526892043622545",
                "b8128ced-9da7-4477-a9b6-7034e2053f52638526892043622545"
            ],
            "outputValueSocketIds": [
                "8619e78f-0b3d-4c25-870a-40e4b514ef4e638526892043622545"
            ]
        },
        {
            "id": "6834c7a8-69df-4a03-b80f-5c7674452144",
            "values": [
                {
                    "key": "text",
                    "value": ""
                },
                {
                    "key": "text2",
                    "value": "1"
                }
            ],
            "posX": -375.99957275390627,
            "posY": -491.6657409667969,
            "path": "Nodes/TextConcatNode",
            "inputSocketIds": [],
            "outputSocketIds": [],
            "headerColor": 6,
            "inputValueSocketIds": [
                "e84d7821-8a6c-442b-a8cb-7ab926710963638526892446907410",
                "e3ec1b45-be48-4a7c-a50f-3879f1da671a638526892446907410"
            ],
            "outputValueSocketIds": [
                "347a032c-fd7d-4edf-b70c-2f3ec3e21482638526892446907410"
            ]
        },
        {
            "id": "74303c59-98c6-4e5d-8b0a-aa202125d8ea",
            "values": [
                {
                    "key": "text",
                    "value": ""
                },
                {
                    "key": "text2",
                    "value": "1"
                }
            ],
            "posX": -168.99957275390626,
            "posY": -489.6657409667969,
            "path": "Nodes/TextConcatNode",
            "inputSocketIds": [],
            "outputSocketIds": [],
            "headerColor": 6,
            "inputValueSocketIds": [
                "5c34937c-2716-4ac9-8c83-4c73dcab1d58638526892460208495",
                "b97ddbdd-d159-4685-ad9a-5a52fdb70f0a638526892460208495"
            ],
            "outputValueSocketIds": [
                "48ac19fe-51b5-46cc-9830-6a7885b0dcea638526892460208495"
            ]
        },
        {
            "id": "4b9f5c2f-dc8c-470f-958f-cd43f14c4d02",
            "values": [
                {
                    "key": "text",
                    "value": ""
                },
                {
                    "key": "text2",
                    "value": ","
                }
            ],
            "posX": -288.99957275390627,
            "posY": -301.6657409667969,
            "path": "Nodes/TextConcatNode",
            "inputSocketIds": [],
            "outputSocketIds": [],
            "headerColor": 0,
            "inputValueSocketIds": [
                "a342419d-0933-4266-abfd-d3d22b23dd04638526892828250654",
                "48033b2e-c45c-4675-8175-331aa45368b3638526892828250654"
            ],
            "outputValueSocketIds": [
                "98d28e59-b829-4ad7-8327-1686d6035663638526892828250654"
            ]
        },
        {
            "id": "81bef9f7-713f-487f-89a5-933685dce87e",
            "values": [
                {
                    "key": "triggerName",
                    "value": ""
                },
                {
                    "key": "callTime",
                    "value": "0"
                }
            ],
            "posX": -63.66656494140625,
            "posY": -315.666015625,
            "path": "Nodes/CallTriggerNode",
            "inputSocketIds": [
                "1fe712d5-fcfa-4ca2-986f-bed7c08ada6f638526893233683084"
            ],
            "outputSocketIds": [],
            "headerColor": 0,
            "inputValueSocketIds": [
                "1252c052-1913-4f74-bce1-ca3d1c0334db638526893233683084"
            ],
            "outputValueSocketIds": []
        },
        {
            "id": "1de0e1b9-022b-4c89-9129-9f25d0fdadbb",
            "values": [
                {
                    "key": "triggerName",
                    "value": "DemoTexOffset"
                }
            ],
            "posX": 31.66668701171875,
            "posY": -493.0,
            "path": "Nodes/TriggerNode",
            "inputSocketIds": [],
            "outputSocketIds": [
                "0f935f42-0271-461c-9828-cb74a56906bb638526894344843276"
            ],
            "headerColor": 4,
            "inputValueSocketIds": [],
            "outputValueSocketIds": []
        },
        {
            "id": "38d8aaac-b4af-42d5-9c22-4b81e2006387",
            "values": [
                {
                    "key": "text",
                    "value": "_xjp_settexscale"
                },
                {
                    "key": "text2",
                    "value": ";;"
                }
            ],
            "posX": -674.666259765625,
            "posY": -743.3323974609375,
            "path": "Nodes/TextConcatNode",
            "inputSocketIds": [],
            "outputSocketIds": [],
            "headerColor": 0,
            "inputValueSocketIds": [
                "d4bd228b-1ae6-42f2-b146-d8fbf12fa945638526924930483310",
                "f75c12f5-bae2-43e3-a0a7-d53181d3c98b638526924930483310"
            ],
            "outputValueSocketIds": [
                "42cc3e0b-7f2a-4b3f-9d8f-0170171184b5638526924930483310"
            ]
        },
        {
            "id": "85669cf5-989b-45c9-8261-041c3c873fca",
            "values": [
                {
                    "key": "text",
                    "value": ""
                },
                {
                    "key": "text2",
                    "value": ";;"
                }
            ],
            "posX": -467.3329162597656,
            "posY": -747.3324584960938,
            "path": "Nodes/TextConcatNode",
            "inputSocketIds": [],
            "outputSocketIds": [],
            "headerColor": 0,
            "inputValueSocketIds": [
                "a44c5250-b6a0-4519-8d8d-b9bb60672fca638526924942544399",
                "2d343610-d6a5-4c54-a2ab-6dbaca76a920638526924942544399"
            ],
            "outputValueSocketIds": [
                "d36ba06c-c190-451d-8474-ea3c035910be638526924942544399"
            ]
        },
        {
            "id": "571e1547-bf00-46f6-a01a-e07a5c441519",
            "values": [
                {
                    "key": "text",
                    "value": ""
                },
                {
                    "key": "text2",
                    "value": ","
                }
            ],
            "posX": -267.99957275390627,
            "posY": -750.9990844726563,
            "path": "Nodes/TextConcatNode",
            "inputSocketIds": [],
            "outputSocketIds": [],
            "headerColor": 0,
            "inputValueSocketIds": [
                "14857db0-c173-44c8-87bf-9146ae10d590638526924953703069",
                "54f7c629-1040-4b8b-984f-69a2f905d9d9638526924953703069"
            ],
            "outputValueSocketIds": [
                "8de6c5f6-9389-4d75-a9d0-e481f6eb117c638526924953703069"
            ]
        },
        {
            "id": "f2c945f6-d95d-4fcc-85da-781586cacaf3",
            "values": [
                {
                    "key": "text",
                    "value": ""
                },
                {
                    "key": "text2",
                    "value": "_MainTex_N00_003_01_Tops_01_CLOTH"
                }
            ],
            "posX": -552.9995727539063,
            "posY": -937.6656494140625,
            "path": "Nodes/TextConcatNode",
            "inputSocketIds": [],
            "outputSocketIds": [],
            "headerColor": 6,
            "inputValueSocketIds": [
                "db28bf01-1034-4ea2-90a4-379d41db4a6f638526924966801286",
                "43f25a8e-c440-426e-951e-115b8e138ab2638526924966801286"
            ],
            "outputValueSocketIds": [
                "ba7f5524-e7de-4827-9395-bb6d1fff62e5638526924966801286"
            ]
        },
        {
            "id": "d0d97248-c221-406c-8e75-015ffe518a17",
            "values": [
                {
                    "key": "text",
                    "value": ""
                },
                {
                    "key": "text2",
                    "value": "1"
                }
            ],
            "posX": -354.3329162597656,
            "posY": -937.665771484375,
            "path": "Nodes/TextConcatNode",
            "inputSocketIds": [],
            "outputSocketIds": [],
            "headerColor": 6,
            "inputValueSocketIds": [
                "324f4dd2-b564-4b25-a746-50fa2ab7f084638526924977984460",
                "2c6163c7-8a3b-40bc-a0fb-3f9fb797ae04638526924977984460"
            ],
            "outputValueSocketIds": [
                "082e7e76-77e2-4797-95c2-811edd6f93aa638526924977984460"
            ]
        },
        {
            "id": "803016d3-efd4-4ddf-a2a3-a712cb7d372e",
            "values": [
                {
                    "key": "text",
                    "value": ""
                },
                {
                    "key": "text2",
                    "value": "1"
                }
            ],
            "posX": -146.66624450683595,
            "posY": -934.665771484375,
            "path": "Nodes/TextConcatNode",
            "inputSocketIds": [],
            "outputSocketIds": [],
            "headerColor": 6,
            "inputValueSocketIds": [
                "96372edc-42ce-42ee-890e-40fd0c6057b0638526924988811847",
                "b56b7eb3-d9f6-4696-a045-2b2862d12665638526924988811847"
            ],
            "outputValueSocketIds": [
                "9b018489-524c-4d13-93c3-0e591dd56ce9638526924988811847"
            ]
        },
        {
            "id": "e7ef0a2b-b7c2-4906-ab16-b80aa2d93c52",
            "values": [
                {
                    "key": "triggerName",
                    "value": ""
                },
                {
                    "key": "callTime",
                    "value": "0"
                }
            ],
            "posX": -36.333221435546878,
            "posY": -753.666015625,
            "path": "Nodes/CallTriggerNode",
            "inputSocketIds": [
                "c906f3e9-ce36-42af-864b-add3a901adae638526925240639872"
            ],
            "outputSocketIds": [],
            "headerColor": 0,
            "inputValueSocketIds": [
                "0bac8933-61cc-436d-9aa1-b917dc96cf6b638526925240639872"
            ],
            "outputValueSocketIds": []
        },
        {
            "id": "f301d66d-3363-4658-b317-56d07bb246ae",
            "values": [
                {
                    "key": "triggerName",
                    "value": "DemoTexScale"
                }
            ],
            "posX": 43.333343505859378,
            "posY": -936.0,
            "path": "Nodes/TriggerNode",
            "inputSocketIds": [],
            "outputSocketIds": [
                "b7617d53-b0a4-4671-9de2-b5ca178995c6638526925295211441"
            ],
            "headerColor": 4,
            "inputValueSocketIds": [],
            "outputValueSocketIds": []
        },
        {
            "id": "8fe09f13-f0a4-495c-b936-8bf71fef26cd",
            "values": [
                {
                    "key": "message",
                    "value": "SET SHADER Texture Values\n\nWe can set the Scale (tiling) and Offset for animatred or renamed Texture-type properties by specifying the Texture property name, as well as the new X and Y values to apply.\n\nThis example also illustrates how TextConcat can be used to separate out the varaible/editable parts of the trigger for easy access\n\nExample Trigger\n_xjp_settexoffset;;<textureProp>;;[x],[y]\n_xjp_settexscale;;<textureProp>;;[x],[y]"
                }
            ],
            "posX": -1024.4981689453125,
            "posY": -586.8284912109375,
            "path": "Nodes/MessageBoxNode",
            "inputSocketIds": [],
            "outputSocketIds": [],
            "headerColor": 0,
            "inputValueSocketIds": [],
            "outputValueSocketIds": []
        },
        {
            "id": "fe2d73d0-1d08-4a11-953f-a940081139cb",
            "values": [
                {
                    "key": "amount",
                    "value": ""
                }
            ],
            "posX": -195.337890625,
            "posY": 76.99893951416016,
            "path": "Nodes/DecimalToTextNode",
            "inputSocketIds": [],
            "outputSocketIds": [],
            "headerColor": 3,
            "inputValueSocketIds": [
                "8ac61bf7-8199-4c32-8c1c-5d9c173d3870638526930931623300"
            ],
            "outputValueSocketIds": [
                "1d71df4c-0968-42e5-b97e-36319515565d638526930931623300"
            ]
        },
        {
            "id": "c5d181a0-3ebf-44e0-87ab-fe4e4cd1bca9",
            "values": [
                {
                    "key": "amount",
                    "value": ""
                }
            ],
            "posX": -412.6712951660156,
            "posY": 156.99896240234376,
            "path": "Nodes/DecimalToTextNode",
            "inputSocketIds": [],
            "outputSocketIds": [],
            "headerColor": 3,
            "inputValueSocketIds": [
                "94016669-42d3-4cb0-96c4-d6605fc4632e638526930944691173"
            ],
            "outputValueSocketIds": [
                "bf76a11f-ee49-40ea-a1aa-9677aaed7588638526930944691173"
            ]
        },
        {
            "id": "9853bcaa-e774-41f0-8fde-f9852ee63fbd",
            "values": [
                {
                    "key": "amount",
                    "value": ""
                }
            ],
            "posX": -629.6713256835938,
            "posY": 256.332275390625,
            "path": "Nodes/DecimalToTextNode",
            "inputSocketIds": [],
            "outputSocketIds": [],
            "headerColor": 3,
            "inputValueSocketIds": [
                "d78d4543-b1c7-4c96-9d57-1519790731d0638526930947307401"
            ],
            "outputValueSocketIds": [
                "928cc49f-7395-4529-b7dd-a8b1aac02cf5638526930947307401"
            ]
        },
        {
            "id": "0d467abd-7378-4fb5-bbfa-45c177953bdd",
            "values": [
                {
                    "key": "amount",
                    "value": ""
                }
            ],
            "posX": 17.328659057617189,
            "posY": -2.0010528564453127,
            "path": "Nodes/DecimalToTextNode",
            "inputSocketIds": [],
            "outputSocketIds": [],
            "headerColor": 3,
            "inputValueSocketIds": [
                "559e098b-4be6-4fae-999f-4ea28834a246638526931664530366"
            ],
            "outputValueSocketIds": [
                "d7623e6e-9a2c-4053-9229-72ae40dbe6c4638526931664530366"
            ]
        },
        {
            "id": "361f96c2-c116-4bc6-884a-5a7deada97a6",
            "values": [
                {
                    "key": "text",
                    "value": "1.0"
                }
            ],
            "posX": -836.338623046875,
            "posY": -112.66661071777344,
            "path": "Nodes/TextToDecimalNode",
            "inputSocketIds": [],
            "outputSocketIds": [],
            "headerColor": 6,
            "inputValueSocketIds": [
                "79c5abfd-5abf-4ed0-9276-7f392befdfa5638526932106355751"
            ],
            "outputValueSocketIds": [
                "3bfc0303-b759-4951-a938-d55a8308d39c638526932106355751"
            ]
        },
        {
            "id": "85bc46ca-33e2-4ab3-b48c-1c5394ad6e4e",
            "values": [
                {
                    "key": "triggerName",
                    "value": ""
                },
                {
                    "key": "callTime",
                    "value": "0"
                }
            ],
            "posX": 453.33343505859377,
            "posY": 234.333984375,
            "path": "Nodes/CallTriggerNode",
            "inputSocketIds": [
                "b9b5832d-d4cc-4b71-b4ed-8a36b6751c80638526944444066732"
            ],
            "outputSocketIds": [],
            "headerColor": 3,
            "inputValueSocketIds": [
                "dfca404b-d511-457d-970c-0b3827ba0ad4638526944444066732"
            ],
            "outputValueSocketIds": []
        },
        {
            "id": "a84eda5b-21c3-4fc9-856e-ef9c1b3a7217",
            "values": [
                {
                    "key": "triggerName",
                    "value": "DemoShaderColor"
                }
            ],
            "posX": -834.6666870117188,
            "posY": 592.3333740234375,
            "path": "Nodes/TriggerNode",
            "inputSocketIds": [],
            "outputSocketIds": [
                "81ee8c1a-598d-4b96-ac1b-8c05bfa3f437638526944513263263"
            ],
            "headerColor": 4,
            "inputValueSocketIds": [],
            "outputValueSocketIds": []
        },
        {
            "id": "84973bda-09a2-409a-b43b-a2811384fe1c",
            "values": [
                {
                    "key": "text",
                    "value": ""
                },
                {
                    "key": "old",
                    "value": "{p}"
                },
                {
                    "key": "new",
                    "value": "_DecalColor_N00_003_01_Tops_01_CLOTH"
                }
            ],
            "posX": -835.6659545898438,
            "posY": 422.3318176269531,
            "path": "Nodes/TextReplaceNode",
            "inputSocketIds": [],
            "outputSocketIds": [],
            "headerColor": 3,
            "inputValueSocketIds": [
                "d135bb86-e0a9-49ce-b44f-a97f4c4e8107638531880330861957",
                "de53d0c5-ae0a-492a-a138-4f9b70f3e814638531880330861957",
                "c07ed02f-9b53-4df1-a39f-d92062a313d7638531880330861957"
            ],
            "outputValueSocketIds": [
                "56d55040-42e6-4c09-8184-ebdced1c87a5638531880330861957"
            ]
        },
        {
            "id": "1da9b03c-6dbd-48a2-bf3e-560c9cccac5b",
            "values": [
                {
                    "key": "text",
                    "value": "_xjp_setcolor;;"
                },
                {
                    "key": "text2",
                    "value": "{p};;{r},{g},{b},{a}"
                }
            ],
            "posX": -1183.000244140625,
            "posY": 404.6661071777344,
            "path": "Nodes/TextConcatNode",
            "inputSocketIds": [],
            "outputSocketIds": [],
            "headerColor": 3,
            "inputValueSocketIds": [
                "64c7846d-9983-4c3f-b227-5bd374bac6fa638531882246737737",
                "69d0d266-d7ec-4d2b-bf36-7d0b7225519d638531882246737737"
            ],
            "outputValueSocketIds": [
                "f04f1f5d-8275-457f-8e51-e341348a03ce638531882246737737"
            ]
        },
        {
            "id": "c7b5a192-effa-4c78-ba24-9979068e2b4a",
            "values": [
                {
                    "key": "text",
                    "value": ""
                },
                {
                    "key": "old",
                    "value": "{r}"
                },
                {
                    "key": "new",
                    "value": ""
                }
            ],
            "posX": -412.666015625,
            "posY": 339.66510009765627,
            "path": "Nodes/TextReplaceNode",
            "inputSocketIds": [],
            "outputSocketIds": [],
            "headerColor": 3,
            "inputValueSocketIds": [
                "64fa7e4f-ee24-4c8f-ad2a-fa94992b76ad638531882661255311",
                "5310b8c6-7159-4a4b-aa72-977b6530baf1638531882661255311",
                "88d35587-8d7b-4a41-9d12-2cbfbb7de997638531882661255311"
            ],
            "outputValueSocketIds": [
                "3b6c31bc-34bf-4dc9-b431-c51c60016b60638531882661255311"
            ]
        },
        {
            "id": "d525aebb-e548-494a-b39d-52ef763fa912",
            "values": [
                {
                    "key": "text",
                    "value": ""
                },
                {
                    "key": "old",
                    "value": "{b}"
                },
                {
                    "key": "new",
                    "value": ""
                }
            ],
            "posX": 20.0008544921875,
            "posY": 176.331787109375,
            "path": "Nodes/TextReplaceNode",
            "inputSocketIds": [],
            "outputSocketIds": [],
            "headerColor": 3,
            "inputValueSocketIds": [
                "aa756c88-e239-4e26-933f-2eff7cfe3a80638531882679303014",
                "6ae69c86-15f7-4f0a-a655-40c48f7ba64a638531882679303014",
                "0a0b2c6f-a43a-4e4c-a758-1fbe285e3e56638531882679303014"
            ],
            "outputValueSocketIds": [
                "69f3985a-18ab-4752-9a0d-41fe2d1bac8e638531882679303014"
            ]
        },
        {
            "id": "5c448f57-e986-4198-8a18-7e930f573ba7",
            "values": [
                {
                    "key": "text",
                    "value": ""
                },
                {
                    "key": "old",
                    "value": "{g}"
                },
                {
                    "key": "new",
                    "value": ""
                }
            ],
            "posX": -195.99923706054688,
            "posY": 254.99844360351563,
            "path": "Nodes/TextReplaceNode",
            "inputSocketIds": [],
            "outputSocketIds": [],
            "headerColor": 3,
            "inputValueSocketIds": [
                "872785f3-e3a8-465c-ae94-e1ac5134aead638531882691670783",
                "2c27f806-693a-427b-a657-24228a09f651638531882691670783",
                "0a594357-2a02-4af4-89d6-2571beb4c231638531882691670783"
            ],
            "outputValueSocketIds": [
                "4c364977-ccd5-4343-9bfd-caf0b292fc35638531882691670783"
            ]
        },
        {
            "id": "6acd0622-5313-44e8-adcf-d767a299cfdd",
            "values": [
                {
                    "key": "text",
                    "value": ""
                },
                {
                    "key": "old",
                    "value": "{a}"
                },
                {
                    "key": "new",
                    "value": ""
                }
            ],
            "posX": 235.6673583984375,
            "posY": 95.66511535644531,
            "path": "Nodes/TextReplaceNode",
            "inputSocketIds": [],
            "outputSocketIds": [],
            "headerColor": 3,
            "inputValueSocketIds": [
                "feae021f-a856-42f2-b5fb-f417dc357161638531882701485839",
                "9201c9e8-7a2e-46a3-8dce-4945b6188d5e638531882701485839",
                "2d57539f-2c10-40d4-b45a-516339d68a32638531882701485839"
            ],
            "outputValueSocketIds": [
                "8dfa42c0-10d9-45a9-8400-f600e19b801e638531882701485839"
            ]
        },
        {
            "id": "3f9ac554-57d9-4dc2-9b47-8afb44a4f861",
            "values": [
                {
                    "key": "text",
                    "value": "_xjp_setcolor;;"
                },
                {
                    "key": "text2",
                    "value": "{p};;{r},{g},{b},{a}"
                }
            ],
            "posX": 798.66650390625,
            "posY": 432.9994812011719,
            "path": "Nodes/TextConcatNode",
            "inputSocketIds": [],
            "outputSocketIds": [],
            "headerColor": 3,
            "inputValueSocketIds": [
                "740d4d84-91f5-4495-a967-9d19f2925aab638531890826601913",
                "6eef778b-6207-4cd4-8814-61744e586fe9638531890826601913"
            ],
            "outputValueSocketIds": [
                "0495ff0c-a860-4e44-8b29-2a18ed4b0efb638531890826601913"
            ]
        },
        {
            "id": "4574d50b-3911-442b-b4ec-50d33b219d2f",
            "values": [
                {
                    "key": "text",
                    "value": ""
                },
                {
                    "key": "old",
                    "value": "{p}"
                },
                {
                    "key": "new",
                    "value": "_DecalColor_N00_003_01_Tops_01_CLOTH"
                }
            ],
            "posX": 1019.0008544921875,
            "posY": 453.99853515625,
            "path": "Nodes/TextReplaceNode",
            "inputSocketIds": [],
            "outputSocketIds": [],
            "headerColor": 3,
            "inputValueSocketIds": [
                "94c5b97f-c970-4ae1-aaa3-7b7b71b43489638531890870859752",
                "4f6621b7-104d-4eda-a50b-ba9c04dd83e9638531890870859752",
                "f29ee5fd-7f98-4564-9867-10170c8b5ae4638531890870859752"
            ],
            "outputValueSocketIds": [
                "1e8ce833-b7e3-4e0c-a248-5a76b491a731638531890870859752"
            ]
        },
        {
            "id": "4a48c3dd-111f-4600-9c26-58fa6343a495",
            "values": [
                {
                    "key": "text",
                    "value": ""
                },
                {
                    "key": "old",
                    "value": "{r}"
                },
                {
                    "key": "new",
                    "value": "0.5"
                }
            ],
            "posX": 785.66748046875,
            "posY": 149.66513061523438,
            "path": "Nodes/TextReplaceNode",
            "inputSocketIds": [],
            "outputSocketIds": [],
            "headerColor": 3,
            "inputValueSocketIds": [
                "335972b7-52e4-4d4c-ab07-94794ad8e4ae638531891036557587",
                "9f3251f3-cb1f-414f-aa57-84260206558a638531891036557587",
                "38cca31c-729d-4132-87b1-6b7e1c351961638531891036557587"
            ],
            "outputValueSocketIds": [
                "e4eb506b-bfdd-4a69-ab96-6460a5f494d5638531891036557587"
            ]
        },
        {
            "id": "bef47b7b-c7ea-4bba-8f27-b4fb059b5b85",
            "values": [
                {
                    "key": "text",
                    "value": ""
                },
                {
                    "key": "old",
                    "value": "{g}"
                },
                {
                    "key": "new",
                    "value": "0.5"
                }
            ],
            "posX": 1030.6673583984375,
            "posY": 146.66513061523438,
            "path": "Nodes/TextReplaceNode",
            "inputSocketIds": [],
            "outputSocketIds": [],
            "headerColor": 3,
            "inputValueSocketIds": [
                "25cb92ca-30df-4aeb-9d63-2b651e10d698638531891087588802",
                "41a9e658-6c75-44d9-ac64-06fb2baf0866638531891087588802",
                "9f866a68-3e6c-4b8e-a7a2-0a5d9e7c8e68638531891087588802"
            ],
            "outputValueSocketIds": [
                "87fc3ee9-d066-4e6f-9078-131d106d7523638531891087588802"
            ]
        },
        {
            "id": "3a19a3e7-3298-4d9a-81a9-b293c1bfa8aa",
            "values": [
                {
                    "key": "text",
                    "value": ""
                },
                {
                    "key": "old",
                    "value": "{b}"
                },
                {
                    "key": "new",
                    "value": "0.33"
                }
            ],
            "posX": 1268.334228515625,
            "posY": 144.66517639160157,
            "path": "Nodes/TextReplaceNode",
            "inputSocketIds": [],
            "outputSocketIds": [],
            "headerColor": 3,
            "inputValueSocketIds": [
                "b4d24c98-2f18-4e61-9a3f-43a59f4ca368638531891129565501",
                "1429c02c-a090-4661-b09f-26310c17a2b0638531891129565501",
                "6b53e653-f6a4-494e-8b52-60f919ecae93638531891129565501"
            ],
            "outputValueSocketIds": [
                "45718503-05ad-4463-8359-041c06f16b75638531891129565501"
            ]
        },
        {
            "id": "a4a55b73-98f0-4f42-a301-af5f9b7744b6",
            "values": [
                {
                    "key": "text",
                    "value": ""
                },
                {
                    "key": "old",
                    "value": "{a}"
                },
                {
                    "key": "new",
                    "value": "1.0"
                }
            ],
            "posX": 1517.3341064453125,
            "posY": 137.33180236816407,
            "path": "Nodes/TextReplaceNode",
            "inputSocketIds": [],
            "outputSocketIds": [],
            "headerColor": 3,
            "inputValueSocketIds": [
                "f80d1da0-0523-4abd-a322-4abba96732f3638531891222532678",
                "06aa48ee-3f5c-4868-97bf-272625e07920638531891222532678",
                "28ee3669-06e3-4451-89d7-5967587cad67638531891222532678"
            ],
            "outputValueSocketIds": [
                "9354ce75-50f1-4ed4-a34b-97a06b0eae3e638531891222532678"
            ]
        },
        {
            "id": "4aae2ff7-c242-4dae-8677-ff71ab714484",
            "values": [
                {
                    "key": "triggerName",
                    "value": ""
                },
                {
                    "key": "callTime",
                    "value": "0"
                }
            ],
            "posX": 1530.000244140625,
            "posY": -95.33270263671875,
            "path": "Nodes/CallTriggerNode",
            "inputSocketIds": [
                "3e2f01d1-8e61-448f-9c50-0b4cf3c07c05638531891490846808"
            ],
            "outputSocketIds": [],
            "headerColor": 3,
            "inputValueSocketIds": [
                "dad957ec-7baa-4f09-af0e-c0b440f69e48638531891490846808"
            ],
            "outputValueSocketIds": []
        },
        {
            "id": "5c1a3ce9-c209-4815-8e5d-fc43a5e79861",
            "values": [
                {
                    "key": "triggerName",
                    "value": "SimpleDemoShaderColor"
                }
            ],
            "posX": 780.3333129882813,
            "posY": -48.6666259765625,
            "path": "Nodes/TriggerNode",
            "inputSocketIds": [],
            "outputSocketIds": [
                "b32414b9-f910-4b61-bd1b-79fcce46b436638531891582115817"
            ],
            "headerColor": 4,
            "inputValueSocketIds": [],
            "outputValueSocketIds": []
        }
    ],
    "connections": [
        {
            "id": "85a334c7-d4a7-4e9d-a031-b0e1bd4bf851",
            "outputSocketId": "57894d46-14e8-4ec7-9b30-21fa06372f67638523343945302947",
            "inputSocketId": "949da225-83d9-4a4b-9efc-687a7bfb24a7638523343656799956"
        },
        {
            "id": "899e2bd5-70d2-4347-b77f-c5dcc80ade96",
            "outputSocketId": "0906105e-c14b-4f63-af4b-19a12fc1404d638523344695086009",
            "inputSocketId": "f4d52f7c-6532-4a96-849f-fb1df6e925f5638523343945302947"
        },
        {
            "id": "48fd8220-bc7b-4cbe-b1dc-eb4a13a68c81",
            "outputSocketId": "111eb704-78e3-481b-800d-9f1faeefdff8638523344945459434",
            "inputSocketId": "a509feaa-d9f2-4489-ba8c-e8750e3029fe638523344988691748"
        },
        {
            "id": "e14a157f-fcb3-4099-a98d-b0e4a4c31e8b",
            "outputSocketId": "af2fff1f-8db9-48ac-a132-620b07b75016638523343945302947",
            "inputSocketId": "45d46a39-f931-47da-8357-c189d3a54b1c638523344381705986"
        },
        {
            "id": "9bfbab1b-89ad-4acc-8a88-d574ce5d49c9",
            "outputSocketId": "e8bc8808-53b7-4f5e-8e80-c6caa7521d64638523343945302947",
            "inputSocketId": "0d190cb4-3741-487f-b25d-ef44c1f55bf6638523344157115505"
        },
        {
            "id": "b6cfaa53-d1d6-4ffd-a642-d862aa256645",
            "outputSocketId": "0d3ced6d-056f-489c-a0aa-8f3ac7a971ce638523344988691748",
            "inputSocketId": "38f5fa3f-32f8-45ee-bc54-30d353cb3108638523347251533497"
        },
        {
            "id": "21fd00fe-8ff2-4e9c-a09f-36a262714524",
            "outputSocketId": "29759881-bcd2-4509-95c8-b122e59a8baa638523344988691748",
            "inputSocketId": "195a94ef-0a24-415d-9dc2-5b242ca64c25638523347642269002"
        },
        {
            "id": "390bd660-bac0-47b7-8d74-5eb3bbb29085",
            "outputSocketId": "89a57bc6-8294-474d-8940-ce2070633089638523344988691748",
            "inputSocketId": "0c213a42-a274-494b-8812-c5986d948c8f638523349841368766"
        },
        {
            "id": "eee2bee9-2c0c-4073-8773-a23572e8586d",
            "outputSocketId": "0f935f42-0271-461c-9828-cb74a56906bb638526894344843276",
            "inputSocketId": "1fe712d5-fcfa-4ca2-986f-bed7c08ada6f638526893233683084"
        },
        {
            "id": "d145acdc-a0c0-438b-a1a1-e3102b3c7718",
            "outputSocketId": "b7617d53-b0a4-4671-9de2-b5ca178995c6638526925295211441",
            "inputSocketId": "c906f3e9-ce36-42af-864b-add3a901adae638526925240639872"
        },
        {
            "id": "b8d0fa0f-e610-4d4f-ad4f-e3b842763b55",
            "outputSocketId": "81ee8c1a-598d-4b96-ac1b-8c05bfa3f437638526944513263263",
            "inputSocketId": "b9b5832d-d4cc-4b71-b4ed-8a36b6751c80638526944444066732"
        },
        {
            "id": "e0b28e51-f89d-467f-a901-3d76cc1bff36",
            "outputSocketId": "b32414b9-f910-4b61-bd1b-79fcce46b436638531891582115817",
            "inputSocketId": "3e2f01d1-8e61-448f-9c50-0b4cf3c07c05638531891490846808"
        }
    ],
    "valueConnections": [
        {
            "id": "a9d4d7a6-7b5d-4014-b250-11424a8f5211",
            "outputSocketId": "b1409a19-8e8f-46e5-9dbc-eee7a76850a2638523346339814706",
            "inputSocketId": "2e46ce4b-4e56-4e78-9862-c81e8c397db3638523344157115505"
        },
        {
            "id": "7cb7ae50-303d-451b-8d57-0e5623f50e0a",
            "outputSocketId": "1cad32fb-51ff-458b-830c-f8a12c0218b5638526889954412611",
            "inputSocketId": "dbe63948-6a77-40ba-96d4-decd9c14887a638526890806841917"
        },
        {
            "id": "b0bc7b8e-48f6-42a3-9a84-90d4767a588c",
            "outputSocketId": "a992b5ea-5309-4b40-af2b-fb537162fe05638526890806841917",
            "inputSocketId": "fdb38e4c-22b6-41ac-96cd-22ef5f05ed9e638526892043622545"
        },
        {
            "id": "56d63386-c1ca-42ef-a607-9ff86e80bd34",
            "outputSocketId": "8619e78f-0b3d-4c25-870a-40e4b514ef4e638526892043622545",
            "inputSocketId": "e84d7821-8a6c-442b-a8cb-7ab926710963638526892446907410"
        },
        {
            "id": "bb775d78-52dc-4948-ad60-b5b3e177f780",
            "outputSocketId": "347a032c-fd7d-4edf-b70c-2f3ec3e21482638526892446907410",
            "inputSocketId": "a342419d-0933-4266-abfd-d3d22b23dd04638526892828250654"
        },
        {
            "id": "caba49e6-b317-4f78-b6b5-d2a8858c2a0d",
            "outputSocketId": "98d28e59-b829-4ad7-8327-1686d6035663638526892828250654",
            "inputSocketId": "5c34937c-2716-4ac9-8c83-4c73dcab1d58638526892460208495"
        },
        {
            "id": "fb1506e1-a842-4bdf-8c70-825a4598dc25",
            "outputSocketId": "48ac19fe-51b5-46cc-9830-6a7885b0dcea638526892460208495",
            "inputSocketId": "1252c052-1913-4f74-bce1-ca3d1c0334db638526893233683084"
        },
        {
            "id": "bc0bc9b3-00ef-4678-9828-144357feb76d",
            "outputSocketId": "9b018489-524c-4d13-93c3-0e591dd56ce9638526924988811847",
            "inputSocketId": "0bac8933-61cc-436d-9aa1-b917dc96cf6b638526925240639872"
        },
        {
            "id": "47f746c5-14ad-489d-b3a7-0733beefc418",
            "outputSocketId": "42cc3e0b-7f2a-4b3f-9d8f-0170171184b5638526924930483310",
            "inputSocketId": "db28bf01-1034-4ea2-90a4-379d41db4a6f638526924966801286"
        },
        {
            "id": "58a356e1-f6b2-4f6d-bd82-0acc5deb88eb",
            "outputSocketId": "ba7f5524-e7de-4827-9395-bb6d1fff62e5638526924966801286",
            "inputSocketId": "a44c5250-b6a0-4519-8d8d-b9bb60672fca638526924942544399"
        },
        {
            "id": "a7bf9721-48e4-4a01-9532-20f3f29fddc3",
            "outputSocketId": "d36ba06c-c190-451d-8474-ea3c035910be638526924942544399",
            "inputSocketId": "324f4dd2-b564-4b25-a746-50fa2ab7f084638526924977984460"
        },
        {
            "id": "028d1a6f-97af-4eb8-85cb-c03a93669011",
            "outputSocketId": "082e7e76-77e2-4797-95c2-811edd6f93aa638526924977984460",
            "inputSocketId": "14857db0-c173-44c8-87bf-9146ae10d590638526924953703069"
        },
        {
            "id": "5261513a-9968-4e3e-841d-2fb3498eb024",
            "outputSocketId": "8de6c5f6-9389-4d75-a9d0-e481f6eb117c638526924953703069",
            "inputSocketId": "96372edc-42ce-42ee-890e-40fd0c6057b0638526924988811847"
        },
        {
            "id": "37cba080-7fe3-4614-9dc8-c0945d46a9b1",
            "outputSocketId": "f04f1f5d-8275-457f-8e51-e341348a03ce638531882246737737",
            "inputSocketId": "d135bb86-e0a9-49ce-b44f-a97f4c4e8107638531880330861957"
        },
        {
            "id": "372e3e41-78fd-4ae3-8804-178ba19a8bce",
            "outputSocketId": "56d55040-42e6-4c09-8184-ebdced1c87a5638531880330861957",
            "inputSocketId": "64fa7e4f-ee24-4c8f-ad2a-fa94992b76ad638531882661255311"
        },
        {
            "id": "f2d8c29c-011c-4643-bcd0-8f7affd49606",
            "outputSocketId": "928cc49f-7395-4529-b7dd-a8b1aac02cf5638526930947307401",
            "inputSocketId": "88d35587-8d7b-4a41-9d12-2cbfbb7de997638531882661255311"
        },
        {
            "id": "c7caac23-51a2-4fcd-9e51-0dca7417460b",
            "outputSocketId": "bf76a11f-ee49-40ea-a1aa-9677aaed7588638526930944691173",
            "inputSocketId": "0a594357-2a02-4af4-89d6-2571beb4c231638531882691670783"
        },
        {
            "id": "857eb3a5-59ee-4dd0-9552-c947ae85a9c7",
            "outputSocketId": "1d71df4c-0968-42e5-b97e-36319515565d638526930931623300",
            "inputSocketId": "0a0b2c6f-a43a-4e4c-a758-1fbe285e3e56638531882679303014"
        },
        {
            "id": "b0224ddf-9da5-48d7-8c0c-12db09340f2b",
            "outputSocketId": "d7623e6e-9a2c-4053-9229-72ae40dbe6c4638526931664530366",
            "inputSocketId": "2d57539f-2c10-40d4-b45a-516339d68a32638531882701485839"
        },
        {
            "id": "1482927d-3cfc-4a27-b14a-3fa9aed4ab35",
            "outputSocketId": "e63741e8-70f2-4230-b989-992ef6fd798d638523339425146646",
            "inputSocketId": "d78d4543-b1c7-4c96-9d57-1519790731d0638526930947307401"
        },
        {
            "id": "683ecfe6-db42-488d-ba44-2520e91968c7",
            "outputSocketId": "f179265a-5d2d-4e1c-95f9-5c4c6a8c14c0638523339425146646",
            "inputSocketId": "94016669-42d3-4cb0-96c4-d6605fc4632e638526930944691173"
        },
        {
            "id": "6e901926-17a7-4517-85e3-1a6b97bb4302",
            "outputSocketId": "e9ff3b02-6329-49d8-a44f-d8aa9831cf56638523339425146646",
            "inputSocketId": "8ac61bf7-8199-4c32-8c1c-5d9c173d3870638526930931623300"
        },
        {
            "id": "0b31b05b-3198-4735-a128-eb442036348e",
            "outputSocketId": "3bfc0303-b759-4951-a938-d55a8308d39c638526932106355751",
            "inputSocketId": "559e098b-4be6-4fae-999f-4ea28834a246638526931664530366"
        },
        {
            "id": "49ad4f67-e783-4d2f-9b63-ab2fc122348b",
            "outputSocketId": "8dfa42c0-10d9-45a9-8400-f600e19b801e638531882701485839",
            "inputSocketId": "dfca404b-d511-457d-970c-0b3827ba0ad4638526944444066732"
        },
        {
            "id": "86caa3b4-085f-426a-ade0-50db8ffe9214",
            "outputSocketId": "3b6c31bc-34bf-4dc9-b431-c51c60016b60638531882661255311",
            "inputSocketId": "872785f3-e3a8-465c-ae94-e1ac5134aead638531882691670783"
        },
        {
            "id": "9d303cec-376b-4461-8580-0077f3deb7c9",
            "outputSocketId": "4c364977-ccd5-4343-9bfd-caf0b292fc35638531882691670783",
            "inputSocketId": "aa756c88-e239-4e26-933f-2eff7cfe3a80638531882679303014"
        },
        {
            "id": "3ba08305-3f91-4ebb-88fb-6fe225fd92a5",
            "outputSocketId": "69f3985a-18ab-4752-9a0d-41fe2d1bac8e638531882679303014",
            "inputSocketId": "feae021f-a856-42f2-b5fb-f417dc357161638531882701485839"
        },
        {
            "id": "a0d8cb9a-67ff-4606-a208-ba5790ccdd8e",
            "outputSocketId": "0495ff0c-a860-4e44-8b29-2a18ed4b0efb638531890826601913",
            "inputSocketId": "94c5b97f-c970-4ae1-aaa3-7b7b71b43489638531890870859752"
        },
        {
            "id": "aacbb8da-3e80-4748-bf40-5ad3032a9689",
            "outputSocketId": "1e8ce833-b7e3-4e0c-a248-5a76b491a731638531890870859752",
            "inputSocketId": "335972b7-52e4-4d4c-ab07-94794ad8e4ae638531891036557587"
        },
        {
            "id": "dbf86530-ed4a-4783-afda-40b6047ee165",
            "outputSocketId": "e4eb506b-bfdd-4a69-ab96-6460a5f494d5638531891036557587",
            "inputSocketId": "25cb92ca-30df-4aeb-9d63-2b651e10d698638531891087588802"
        },
        {
            "id": "80f8ad76-eeab-4f53-a944-f7c9ad5e4da7",
            "outputSocketId": "87fc3ee9-d066-4e6f-9078-131d106d7523638531891087588802",
            "inputSocketId": "b4d24c98-2f18-4e61-9a3f-43a59f4ca368638531891129565501"
        },
        {
            "id": "43d39d80-5ff5-4749-9bcd-1d2939b42fce",
            "outputSocketId": "45718503-05ad-4463-8359-041c06f16b75638531891129565501",
            "inputSocketId": "f80d1da0-0523-4abd-a322-4abba96732f3638531891222532678"
        },
        {
            "id": "219539cd-c6d7-43f5-a5a1-5eebe2dc0774",
            "outputSocketId": "9354ce75-50f1-4ed4-a34b-97a06b0eae3e638531891222532678",
            "inputSocketId": "dad957ec-7baa-4f09-af0e-c0b440f69e48638531891490846808"
        }
    ]
}